-- phpMyAdmin SQL Dump
-- version 4.2.11
-- http://www.phpmyadmin.net
--
-- Host: 127.0.0.1
-- Generation Time: Jun 09, 2023 at 03:25 PM
-- Server version: 5.6.21
-- PHP Version: 5.6.3

SET SQL_MODE = "NO_AUTO_VALUE_ON_ZERO";
SET time_zone = "+00:00";


/*!40101 SET @OLD_CHARACTER_SET_CLIENT=@@CHARACTER_SET_CLIENT */;
/*!40101 SET @OLD_CHARACTER_SET_RESULTS=@@CHARACTER_SET_RESULTS */;
/*!40101 SET @OLD_COLLATION_CONNECTION=@@COLLATION_CONNECTION */;
/*!40101 SET NAMES utf8 */;

--
-- Database: `ecomm`
--

-- --------------------------------------------------------

--
-- Table structure for table `cart`
--

CREATE TABLE IF NOT EXISTS `cart` (
`id` int(11) NOT NULL,
  `user_id` int(11) NOT NULL,
  `product_id` int(11) NOT NULL,
  `quantity` int(11) NOT NULL
) ENGINE=InnoDB AUTO_INCREMENT=9 DEFAULT CHARSET=latin1;

-- --------------------------------------------------------

--
-- Table structure for table `category`
--

CREATE TABLE IF NOT EXISTS `category` (
`id` int(11) NOT NULL,
  `name` varchar(100) NOT NULL,
  `cat_slug` varchar(150) NOT NULL
) ENGINE=InnoDB AUTO_INCREMENT=5 DEFAULT CHARSET=latin1;

--
-- Dumping data for table `category`
--

INSERT INTO `category` (`id`, `name`, `cat_slug`) VALUES
(1, 'Laptops', 'laptops'),
(2, 'Desktop PC', 'desktop-pc'),
(3, 'Tablets', 'tablets'),
(4, 'Smart Phones', '');

-- --------------------------------------------------------

--
-- Table structure for table `details`
--

CREATE TABLE IF NOT EXISTS `details` (
`id` int(11) NOT NULL,
  `sales_id` int(11) NOT NULL,
  `product_id` int(11) NOT NULL,
  `quantity` int(11) NOT NULL
) ENGINE=InnoDB AUTO_INCREMENT=21 DEFAULT CHARSET=latin1;

--
-- Dumping data for table `details`
--

INSERT INTO `details` (`id`, `sales_id`, `product_id`, `quantity`) VALUES
(14, 9, 11, 2),
(15, 9, 13, 5),
(16, 9, 3, 2),
(17, 9, 1, 3),
(18, 10, 13, 3),
(19, 10, 2, 4),
(20, 10, 19, 5);

-- --------------------------------------------------------

--
-- Table structure for table `products`
--

CREATE TABLE IF NOT EXISTS `products` (
`id` int(11) NOT NULL,
  `category_id` int(11) NOT NULL,
  `name` text NOT NULL,
  `description` text NOT NULL,
  `slug` varchar(200) NOT NULL,
  `price` double NOT NULL,
  `photo` varchar(200) NOT NULL,
  `date_view` date NOT NULL,
  `counter` int(11) NOT NULL
) ENGINE=InnoDB AUTO_INCREMENT=30 DEFAULT CHARSET=latin1;

--
-- Dumping data for table `products`
--

INSERT INTO `products` (`id`, `category_id`, `name`, `description`, `slug`, `price`, `photo`, `date_view`, `counter`) VALUES
(1, 1, 'DELL Inspiron 15 7000 15.6', '<p>15-inch laptop ideal for gamers. Featuring the latest Intel&reg; processors for superior gaming performance, and life-like NVIDIA&reg; GeForce&reg; graphics and an advanced thermal cooling design.</p>\r\n', 'dell-inspiron-15-7000-15-6', 15010, 'dell-inspiron-15-7000-15-6.jpg', '2018-07-09', 2),
(2, 1, 'MICROSOFT Surface Pro 4 & Typecover - 128 GB', '<p>Surface Pro 4 powers through everything you need to do, while being lighter than ever before</p>\r\n\r\n<p>The 12.3 PixelSense screen has extremely high contrast and low glare so you can work through the day without straining your eyes</p>\r\n\r\n<p>keyboard is not included and needed to be purchased separately</p>\r\n\r\n<p>Features an Intel Core i5 6th Gen (Skylake) Core,Wireless: 802.11ac Wi-Fi wireless networking; IEEE 802.11a/b/g/n compatible Bluetooth 4.0 wireless technology</p>\r\n\r\n<p>Ships in Consumer packaging.</p>\r\n', 'microsoft-surface-pro-4-typecover-128-gb', 799, 'microsoft-surface-pro-4-typecover-128-gb.jpg', '2018-05-10', 3),
(3, 1, 'DELL Inspiron 15 5000 15.6', '<p>Dell&#39;s 15.6-inch, midrange notebook is a bland, chunky block. It has long been the case that the Inspiron lineup lacks any sort of aesthetic muse, and the Inspiron 15 5000 follows this trend. It&#39;s a plastic, silver slab bearing Dell&#39;s logo in a mirror sheen.</p>\r\n\r\n<p>Lifting the lid reveals the 15.6-inch, 1080p screen surrounded by an almost offensively thick bezel and a plastic deck with a faux brushed-metal look. There&#39;s a fingerprint reader on the power button, and the keyboard is a black collection of island-style keys.</p>\r\n', 'dell-inspiron-15-5000-15-6', 599, 'dell-inspiron-15-5000-15-6.jpg', '2018-05-12', 1),
(4, 1, 'LENOVO Ideapad 320s-14IKB 14" Laptop - Grey', '<p>- Made for portability with a slim, lightweight chassis design&nbsp;<br />\r\n<br />\r\n- Powerful processing helps you create and produce on the go&nbsp;<br />\r\n<br />\r\n- Full HD screen ensures crisp visuals for movies, web pages, photos and more&nbsp;<br />\r\n<br />\r\n- Enjoy warm, sparkling sound courtesy of two Harman speakers and Dolby Audio&nbsp;<br />\r\n<br />\r\n- Fast data transfer and high-quality video connection with USB-C and HDMI ports&nbsp;<br />\r\n<br />\r\nThe Lenovo&nbsp;<strong>IdeaPad 320s-14IKB 14&quot; Laptop</strong>&nbsp;is part of our Achieve range, which has the latest tech to help you develop your ideas and work at your best. It&#39;s great for editing complex documents, business use, editing photos, and anything else you do throughout the day.</p>\r\n', 'lenovo-ideapad-320s-14ikb-14-laptop-grey', 399, 'lenovo-ideapad-320s-14ikb-14-laptop-grey.jpg', '2018-05-10', 3),
(5, 3, 'APPLE 9.7" iPad - 32 GB, Gold', '<p>9.7 inch Retina Display, 2048 x 1536 Resolution, Wide Color and True Tone Display</p>\r\n\r\n<p>Apple iOS 9, A9X chip with 64bit architecture, M9 coprocessor</p>\r\n\r\n<p>12 MP iSight Camera, True Tone Flash, Panorama (up to 63MP), Four-Speaker Audio</p>\r\n\r\n<p>Up to 10 Hours of Battery Life</p>\r\n\r\n<p>iPad Pro Supports Apple Smart Keyboard and Apple Pencil</p>\r\n', 'apple-9-7-ipad-32-gb-gold', 339, 'apple-9-7-ipad-32-gb-gold.jpg', '2018-07-09', 3),
(6, 1, 'DELL Inspiron 15 5000 15', '<p>15-inch laptop delivering an exceptional viewing experience, a head-turning finish and an array of options designed to elevate your entertainment, wherever you go.</p>\r\n', 'dell-inspiron-15-5000-15', 32510.99, 'dell-inspiron-15-5000-15.jpg', '0000-00-00', 0),
(7, 3, 'APPLE 10.5" iPad Pro - 64 GB, Space Grey (2017)', '<p>4K video recording at 30 fps</p>\r\n\r\n<p>12-megapixel camera</p>\r\n\r\n<p>Fingerprint resistant coating</p>\r\n\r\n<p>Antireflective coating</p>\r\n\r\n<p>Face Time video calling</p>\r\n', 'apple-10-5-ipad-pro-64-gb-space-grey-2017', 619, 'apple-10-5-ipad-pro-64-gb-space-grey-2017.jpg', '0000-00-00', 0),


-- --------------------------------------------------------

--
-- Table structure for table `sales`
--

CREATE TABLE IF NOT EXISTS `sales` (
`id` int(11) NOT NULL,
  `user_id` int(11) NOT NULL,
  `pay_id` varchar(50) NOT NULL,
  `sales_date` date NOT NULL
) ENGINE=InnoDB AUTO_INCREMENT=11 DEFAULT CHARSET=latin1;

--
-- Dumping data for table `sales`
--

INSERT INTO `sales` (`id`, `user_id`, `pay_id`, `sales_date`) VALUES
(9, 9, 'PAY-1RT494832H294925RLLZ7TZA', '2018-05-10'),
(10, 9, 'PAY-21700797GV667562HLLZ7ZVY', '2018-05-10');

-- --------------------------------------------------------

--
-- Table structure for table `users`
--

CREATE TABLE IF NOT EXISTS `users` (
`id` int(11) NOT NULL,
  `email` varchar(200) NOT NULL,
  `password` varchar(60) NOT NULL,
  `type` int(1) NOT NULL,
  `firstname` varchar(50) NOT NULL,
  `lastname` varchar(50) NOT NULL,
  `address` text NOT NULL,
  `contact_info` varchar(100) NOT NULL,
  `photo` varchar(200) NOT NULL,
  `status` int(1) NOT NULL,
  `activate_code` varchar(15) NOT NULL,
  `reset_code` varchar(15) NOT NULL,
  `created_on` date NOT NULL
) ENGINE=InnoDB AUTO_INCREMENT=13 DEFAULT CHARSET=latin1;

--
-- Dumping data for table `users`
--

INSERT INTO `users` (`id`, `email`, `password`, `type`, `firstname`, `lastname`, `address`, `contact_info`, `photo`, `status`, `activate_code`, `reset_code`, `created_on`) VALUES
(1, 'admin@admin.com', '$2y$10$0SHFfoWzz8WZpdu9Qw//E.tWamILbiNCX7bqhy3od0gvK5.kSJ8N2', 1, 'FastClick', 'Admin', '', '', 'thanos1.jpg', 1, '', '', '2018-05-01'),
(9, 'yovan@gmail.com', '$2y$10$0SHFfoWzz8WZpdu9Qw//E.tWamILbiNCX7bqhy3od0gvK5.kSJ8N2', 0, 'Yovan', 'Test', 'Mauritius City, Negros Occidental', '09092735719', 'male2.png', 1, 'k8FBpynQfqsv', 'wzPGkX5IODlTYHg', '2018-05-09'),
(12, 'christine@gmail.com', '$2y$10$ozW4c8r313YiBsf7HD7m6egZwpvoE983IHfZsPRxrO1hWXfPRpxHO', 0, 'Christine', 'becker', 'demo', '7542214500', 'female3.jpg', 1, '', '', '2018-07-09');

--
-- Indexes for dumped tables
--

--
-- Indexes for table `cart`
--
ALTER TABLE `cart`
 ADD PRIMARY KEY (`id`);

--
-- Indexes for table `category`
--
ALTER TABLE `category`
 ADD PRIMARY KEY (`id`);

--
-- Indexes for table `details`
--
ALTER TABLE `details`
 ADD PRIMARY KEY (`id`);

--
-- Indexes for table `products`
--
ALTER TABLE `products`
 ADD PRIMARY KEY (`id`);

--
-- Indexes for table `sales`
--
ALTER TABLE `sales`
 ADD PRIMARY KEY (`id`);

--
-- Indexes for table `users`
--
ALTER TABLE `users`
 ADD PRIMARY KEY (`id`);

--
-- AUTO_INCREMENT for dumped tables
--

--
-- AUTO_INCREMENT for table `cart`
--
ALTER TABLE `cart`
MODIFY `id` int(11) NOT NULL AUTO_INCREMENT,AUTO_INCREMENT=9;
--
-- AUTO_INCREMENT for table `category`
--
ALTER TABLE `category`
MODIFY `id` int(11) NOT NULL AUTO_INCREMENT,AUTO_INCREMENT=5;
--
-- AUTO_INCREMENT for table `details`
--
ALTER TABLE `details`
MODIFY `id` int(11) NOT NULL AUTO_INCREMENT,AUTO_INCREMENT=21;
--
-- AUTO_INCREMENT for table `products`
--
ALTER TABLE `products`
MODIFY `id` int(11) NOT NULL AUTO_INCREMENT,AUTO_INCREMENT=30;
--
-- AUTO_INCREMENT for table `sales`
--
ALTER TABLE `sales`
MODIFY `id` int(11) NOT NULL AUTO_INCREMENT,AUTO_INCREMENT=11;
--
-- AUTO_INCREMENT for table `users`
--
ALTER TABLE `users`
MODIFY `id` int(11) NOT NULL AUTO_INCREMENT,AUTO_INCREMENT=13;
/*!40101 SET CHARACTER_SET_CLIENT=@OLD_CHARACTER_SET_CLIENT */;
/*!40101 SET CHARACTER_SET_RESULTS=@OLD_CHARACTER_SET_RESULTS */;
/*!40101 SET COLLATION_CONNECTION=@OLD_COLLATION_CONNECTION */;
